GPA,Attendance,Study_Hours,Projects_Completed,Major,Year,Scholarship,Extracurricular,Result
3.52,66,37,0,Business,Junior,Yes,Music,Fail
2.06,70,13,9,Business,Senior,Yes,None,Fail
2.16,95,18,7,Engineering,Senior,No,None,Pass
1.02,65,29,8,Science,Freshman,No,Music,Pass
3.07,95,4,6,Business,Sophomore,No,Sports,Fail
3.01,65,30,7,Science,Senior,No,Sports,Pass
2.35,69,6,3,Science,Junior,No,Sports,Pass
0.85,78,18,3,Arts,Freshman,No,None,Pass
0.39,77,30,1,Arts,Freshman,Yes,Sports,Fail
0.26,57,38,7,Business,Sophomore,No,Sports,Pass
2.37,73,23,1,Engineering,Senior,No,None,Fail
3.3,52,33,8,Engineering,Senior,Yes,None,Pass
3.43,74,22,3,Business,Freshman,Yes,Arts,Pass
1.85,68,39,0,Business,Junior,Yes,None,Fail
3.14,82,5,3,Engineering,Senior,No,Music,Pass
3.79,51,37,2,Science,Junior,Yes,None,Pass
1.1,64,35,5,Business,Freshman,Yes,None,Pass
1.59,71,26,6,Science,Senior,No,Sports,Pass
3.73,59,10,7,Business,Junior,No,Arts,Fail
1.35,67,4,1,Business,Freshman,No,Sports,Fail
3.66,71,16,5,Science,Junior,No,Arts,Fail
3.92,95,6,5,Science,Senior,Yes,Sports,Fail
2.65,98,26,9,Engineering,Sophomore,No,Music,Fail
3.27,76,14,4,Business,Junior,Yes,Sports,Fail
3.0,62,12,9,Arts,Sophomore,No,Sports,Fail
2.8,82,10,9,Arts,Senior,Yes,Music,Pass
1.23,54,25,6,Business,Sophomore,No,Music,Fail
0.23,75,21,2,Business,Freshman,No,None,Fail
1.37,62,27,3,Business,Sophomore,No,Sports,Fail
2.67,76,23,9,Science,Junior,Yes,Music,Pass
0.41,63,28,8,Arts,Junior,Yes,Music,Fail
0.05,73,8,3,Arts,Sophomore,Yes,None,Fail
0.56,52,3,2,Arts,Freshman,No,Arts,Fail
2.86,96,17,1,Business,Senior,Yes,Music,Pass
3.89,98,15,4,Science,Sophomore,No,Music,Fail
3.93,79,32,3,Business,Junior,No,Sports,Pass
1.98,84,28,7,Engineering,Junior,No,None,Pass
3.48,97,38,6,Engineering,Sophomore,Yes,Sports,Pass
2.95,63,9,5,Arts,Sophomore,No,Arts,Pass
2.0,61,8,1,Business,Sophomore,Yes,None,Fail
2.29,77,30,2,Engineering,Senior,No,Sports,Pass
0.55,93,27,9,Engineering,Junior,No,Music,Pass
3.75,78,2,8,Business,Junior,No,Music,Fail
1.41,92,13,8,Science,Junior,Yes,None,Pass
1.78,66,24,4,Business,Senior,Yes,Music,Pass
2.69,89,14,2,Business,Freshman,No,Sports,Pass
1.34,98,1,1,Science,Junior,Yes,None,Pass
1.02,70,23,7,Arts,Junior,Yes,Music,Pass
2.52,72,13,5,Arts,Freshman,No,Music,Pass
0.1,69,6,9,Arts,Senior,No,Arts,Fail
2.88,60,35,6,Science,Freshman,Yes,Arts,Fail
2.06,83,23,0,Engineering,Freshman,No,None,Fail
2.42,59,26,0,Science,Freshman,No,Arts,Fail
2.53,59,36,9,Business,Freshman,Yes,Sports,Pass
2.11,92,37,1,Science,Senior,Yes,Music,Pass
2.33,55,29,9,Engineering,Senior,No,Music,Pass
2.74,85,26,2,Engineering,Freshman,Yes,Music,Fail
3.01,73,38,0,Business,Sophomore,Yes,None,Fail
2.91,61,14,4,Arts,Sophomore,No,None,Pass
3.48,92,25,2,Engineering,Sophomore,No,Arts,Pass
0.76,72,0,0,Engineering,Sophomore,No,Music,Fail
1.6,76,3,7,Engineering,Junior,No,Music,Fail
3.79,94,28,5,Business,Senior,Yes,Music,Fail
1.59,86,0,8,Engineering,Senior,Yes,Music,Fail
0.5,55,21,2,Arts,Freshman,No,Music,Pass
2.1,50,10,8,Business,Junior,No,Sports,Fail
0.44,55,9,8,Arts,Freshman,No,Music,Fail
0.81,99,16,0,Engineering,Freshman,No,Sports,Pass
3.99,71,35,2,Engineering,Senior,Yes,Music,Pass
2.17,90,25,5,Arts,Junior,Yes,None,Pass
1.14,73,20,7,Business,Sophomore,No,None,Fail
3.98,74,12,3,Business,Senior,No,Sports,Fail
3.87,64,8,4,Arts,Junior,Yes,Music,Fail
1.76,75,10,8,Engineering,Junior,Yes,None,Fail
1.04,57,10,5,Science,Senior,Yes,None,Pass
3.35,73,5,6,Arts,Senior,Yes,Music,Pass
2.86,97,0,6,Arts,Freshman,No,Music,Fail
2.75,87,5,3,Arts,Freshman,Yes,None,Fail
3.57,55,12,3,Engineering,Freshman,Yes,Music,Fail
2.76,84,21,3,Business,Sophomore,Yes,Arts,Pass
1.14,91,30,4,Engineering,Senior,No,Music,Fail
2.78,50,21,4,Arts,Junior,No,None,Pass
1.22,95,36,7,Engineering,Senior,Yes,None,Fail
3.04,85,26,8,Engineering,Junior,Yes,Sports,Pass
2.48,61,13,1,Arts,Sophomore,No,Arts,Pass
0.31,87,4,6,Engineering,Senior,No,None,Fail
2.05,60,35,0,Science,Junior,Yes,Arts,Pass
1.37,61,31,0,Engineering,Junior,No,Music,Pass
1.31,91,33,3,Engineering,Freshman,Yes,None,Fail
2.41,99,6,9,Business,Sophomore,No,Sports,Pass
1.29,88,9,6,Business,Senior,Yes,None,Fail
3.11,56,16,1,Arts,Freshman,Yes,Sports,Pass
0.28,60,29,1,Arts,Sophomore,No,Arts,Pass
2.64,85,20,0,Business,Freshman,Yes,Sports,Pass
3.24,80,12,9,Science,Senior,No,Music,Pass
2.69,82,0,1,Engineering,Junior,No,Music,Fail
1.99,62,0,6,Science,Senior,No,Music,Fail
3.8,67,32,8,Science,Sophomore,Yes,None,Fail
1.2,90,37,5,Business,Senior,Yes,Music,Pass
0.08,73,24,9,Arts,Sophomore,Yes,Music,Pass
1.73,58,25,1,Engineering,Freshman,No,None,Fail
0.13,80,12,9,Arts,Sophomore,Yes,Arts,Fail
3.82,90,27,9,Science,Junior,Yes,Music,Fail
0.84,59,32,8,Science,Junior,Yes,Music,Fail
3.16,51,36,6,Arts,Junior,Yes,None,Pass
3.1,87,29,0,Arts,Freshman,No,Arts,Fail
0.87,64,7,8,Business,Sophomore,Yes,Arts,Pass
2.48,52,0,1,Arts,Freshman,No,Arts,Fail
0.19,92,11,3,Arts,Senior,No,None,Pass
1.93,80,4,8,Business,Senior,No,Sports,Fail
0.06,55,23,3,Arts,Senior,No,Sports,Fail
3.68,52,5,2,Science,Senior,Yes,Music,Pass
3.9,60,24,0,Arts,Junior,Yes,Music,Pass
0.89,64,0,6,Engineering,Sophomore,Yes,Music,Fail
0.83,94,24,5,Science,Junior,No,Sports,Pass
3.01,77,0,9,Business,Sophomore,Yes,None,Fail
1.01,59,31,3,Science,Sophomore,No,Music,Pass
3.58,87,2,5,Business,Freshman,Yes,None,Fail
2.3,96,18,5,Engineering,Senior,Yes,Music,Fail
1.4,99,28,3,Engineering,Sophomore,Yes,None,Fail
3.33,99,1,5,Science,Senior,No,None,Fail
1.97,56,8,9,Arts,Senior,Yes,Sports,Fail
3.65,64,16,7,Science,Senior,No,None,Fail
3.71,67,35,2,Science,Junior,No,Arts,Fail
0.66,67,16,3,Engineering,Senior,No,Sports,Fail
0.01,90,11,9,Business,Sophomore,Yes,Music,Pass
3.94,73,19,0,Science,Junior,Yes,Sports,Pass
3.62,51,2,3,Arts,Senior,No,Arts,Pass
0.22,89,3,9,Engineering,Freshman,No,Arts,Fail
3.33,69,16,9,Science,Senior,No,None,Fail
1.83,83,36,8,Science,Senior,No,Arts,Fail
1.04,92,14,7,Arts,Junior,No,Arts,Pass
3.51,75,32,3,Science,Sophomore,Yes,Arts,Pass
0.79,56,15,6,Science,Senior,Yes,Arts,Pass
3.79,87,10,9,Science,Junior,Yes,Music,Pass
0.82,79,19,2,Science,Junior,No,Music,Pass
2.45,91,37,8,Arts,Sophomore,No,Sports,Fail
0.89,54,23,9,Science,Junior,Yes,None,Pass
2.18,60,15,3,Science,Sophomore,Yes,Music,Fail
2.74,50,29,1,Science,Freshman,No,Arts,Fail
0.76,83,33,9,Engineering,Senior,No,None,Fail
2.08,50,0,4,Arts,Junior,No,Music,Pass
1.88,68,23,1,Engineering,Freshman,Yes,Sports,Pass
0.28,51,23,9,Engineering,Junior,No,Arts,Fail
3.27,70,8,5,Arts,Junior,No,None,Pass
1.34,69,21,9,Engineering,Freshman,No,Music,Pass
2.3,72,11,0,Engineering,Junior,Yes,None,Fail
2.06,70,16,5,Engineering,Junior,No,Music,Fail
2.05,73,24,3,Arts,Freshman,Yes,Sports,Fail
0.43,53,27,2,Science,Junior,No,Arts,Fail
1.69,61,14,1,Business,Sophomore,No,Sports,Fail
1.81,71,29,6,Business,Junior,Yes,Arts,Pass
2.93,69,26,8,Arts,Senior,No,Arts,Fail
3.36,67,21,2,Business,Junior,Yes,None,Pass
2.18,50,9,5,Arts,Senior,No,Music,Pass
0.35,79,30,8,Arts,Senior,Yes,Sports,Fail
0.95,82,26,1,Business,Junior,No,Sports,Fail
0.66,73,11,6,Engineering,Freshman,Yes,Sports,Pass
0.5,63,30,4,Science,Sophomore,Yes,None,Fail
1.46,85,31,4,Business,Sophomore,No,None,Pass
0.92,54,31,6,Business,Junior,Yes,None,Fail
0.87,60,34,8,Business,Freshman,No,Arts,Fail
0.22,73,20,3,Business,Freshman,Yes,Sports,Pass
0.07,80,9,8,Arts,Sophomore,No,Arts,Pass
0.41,62,15,9,Arts,Freshman,No,Sports,Fail
0.69,65,6,8,Science,Junior,No,Sports,Fail
1.72,73,3,3,Science,Junior,No,Music,Fail
2.04,62,26,2,Business,Freshman,Yes,Sports,Pass
0.56,73,24,1,Business,Junior,No,None,Fail
1.7,75,30,8,Business,Senior,No,None,Fail
1.37,51,10,1,Science,Sophomore,No,None,Fail
0.73,65,19,5,Business,Junior,No,Music,Fail
0.03,87,35,4,Engineering,Freshman,No,Music,Pass
1.87,95,16,4,Science,Sophomore,Yes,Arts,Pass
2.74,50,10,3,Engineering,Junior,No,Sports,Pass
0.91,98,29,5,Business,Sophomore,Yes,Sports,Fail
0.53,60,34,4,Arts,Freshman,Yes,None,Fail
3.55,84,37,3,Engineering,Senior,No,None,Fail
1.1,92,21,8,Science,Senior,No,None,Pass
0.89,78,26,5,Engineering,Junior,Yes,None,Pass
3.43,86,36,9,Science,Senior,Yes,None,Pass
3.27,66,34,9,Business,Junior,Yes,None,Pass
1.79,88,3,9,Engineering,Sophomore,No,Sports,Fail
1.96,91,15,2,Arts,Junior,Yes,Music,Pass
0.87,77,15,9,Engineering,Junior,Yes,None,Pass
0.31,78,20,5,Arts,Junior,No,Sports,Fail
2.29,92,25,0,Science,Senior,Yes,None,Pass
0.39,52,35,4,Business,Junior,No,Arts,Fail
1.8,59,18,9,Business,Freshman,Yes,Arts,Fail
3.76,91,16,5,Arts,Junior,No,Sports,Fail
3.81,63,25,7,Science,Sophomore,Yes,Music,Fail
0.96,61,21,8,Business,Freshman,No,Arts,Fail
2.5,96,27,2,Science,Sophomore,No,Arts,Pass
1.9,91,0,1,Arts,Sophomore,Yes,Music,Pass
3.5,79,35,3,Arts,Sophomore,No,Arts,Fail
1.09,81,36,7,Engineering,Freshman,Yes,None,Pass
0.01,81,1,7,Business,Freshman,No,Music,Fail
0.65,91,16,2,Business,Senior,No,Arts,Pass
1.4,81,39,3,Engineering,Freshman,No,Music,Pass
1.26,75,37,2,Arts,Junior,No,None,Pass
3.17,50,20,9,Arts,Sophomore,No,Arts,Pass
2.72,91,8,1,Arts,Senior,No,Sports,Pass
1.2,51,12,3,Arts,Freshman,No,Arts,Pass
1.83,66,10,5,Science,Sophomore,Yes,Arts,Pass
0.38,79,15,4,Business,Freshman,Yes,None,Fail
3.59,88,15,2,Business,Senior,No,Sports,Fail
3.74,56,1,1,Arts,Freshman,No,Sports,Fail
3.92,76,7,8,Arts,Freshman,No,Sports,Pass
3.47,58,12,0,Arts,Sophomore,Yes,None,Pass
0.7,71,16,8,Business,Junior,No,None,Fail
0.18,83,38,0,Business,Freshman,Yes,None,Fail
2.32,95,23,6,Arts,Senior,No,None,Pass
3.65,98,2,5,Science,Freshman,No,None,Fail
0.71,50,29,6,Engineering,Freshman,No,Sports,Fail
0.03,58,12,2,Engineering,Junior,No,Music,Fail
3.22,69,18,2,Engineering,Sophomore,No,None,Fail
0.31,68,6,0,Business,Senior,Yes,Music,Pass
1.65,85,8,3,Business,Sophomore,No,Arts,Fail
2.72,89,18,1,Engineering,Sophomore,Yes,Arts,Fail
0.95,94,39,9,Engineering,Sophomore,Yes,None,Fail
0.34,53,21,7,Science,Freshman,No,Arts,Fail
3.08,58,17,2,Business,Junior,No,Music,Pass
2.52,90,22,6,Business,Freshman,No,Arts,Fail
3.95,71,1,6,Engineering,Senior,Yes,Arts,Fail
1.38,67,10,8,Science,Junior,Yes,Music,Fail
0.25,61,30,5,Science,Sophomore,Yes,Arts,Fail
2.94,91,32,0,Engineering,Junior,No,None,Fail
2.09,92,13,7,Engineering,Senior,Yes,Music,Pass
0.85,88,15,0,Business,Freshman,Yes,Music,Fail
3.13,58,10,2,Engineering,Freshman,Yes,Sports,Fail
0.82,55,32,4,Arts,Sophomore,No,Sports,Pass
1.04,68,6,7,Science,Freshman,Yes,Music,Fail
0.37,97,30,8,Engineering,Freshman,Yes,Music,Pass
1.6,96,13,6,Arts,Senior,No,Sports,Fail
1.68,56,27,8,Science,Junior,No,None,Pass
2.06,65,15,2,Arts,Freshman,No,Arts,Pass
2.84,54,18,4,Arts,Senior,Yes,Arts,Fail
3.62,65,16,9,Engineering,Senior,Yes,Arts,Pass
0.55,50,25,7,Science,Sophomore,Yes,Music,Fail
0.22,86,5,0,Arts,Senior,No,None,Pass
0.07,88,8,7,Business,Sophomore,Yes,Sports,Pass
0.57,68,16,6,Science,Freshman,No,None,Fail
2.63,86,30,0,Business,Sophomore,No,None,Pass
2.91,66,11,9,Engineering,Senior,Yes,Arts,Fail
3.15,75,22,9,Business,Junior,Yes,Sports,Pass
0.97,71,4,5,Science,Junior,Yes,None,Pass
1.22,57,35,0,Arts,Freshman,No,Sports,Fail
1.93,82,35,1,Arts,Freshman,No,Music,Fail
0.25,51,2,4,Science,Junior,Yes,Arts,Pass
2.44,79,23,1,Arts,Sophomore,No,Sports,Fail
3.93,96,16,9,Business,Freshman,Yes,Music,Fail
1.44,69,38,0,Arts,Senior,Yes,Music,Pass
3.01,67,25,5,Arts,Freshman,Yes,Music,Pass
2.0,92,3,7,Business,Sophomore,No,None,Fail
0.51,59,11,7,Business,Freshman,No,None,Pass
2.33,73,0,7,Business,Senior,Yes,Arts,Fail
1.2,53,20,5,Engineering,Senior,Yes,Arts,Fail
0.14,86,18,2,Business,Senior,No,Music,Fail
2.54,53,20,0,Business,Sophomore,Yes,Arts,Fail
3.44,62,17,1,Engineering,Sophomore,No,None,Fail
1.38,74,2,4,Arts,Senior,Yes,Arts,Fail
1.56,62,31,9,Business,Senior,No,Sports,Pass
3.56,67,9,4,Science,Sophomore,Yes,None,Fail
3.25,73,39,9,Business,Sophomore,No,Music,Pass
2.86,51,14,0,Business,Sophomore,Yes,Music,Fail
1.0,97,4,0,Engineering,Junior,No,Arts,Pass
3.64,82,3,8,Science,Sophomore,No,None,Pass
0.62,68,27,1,Arts,Senior,No,Music,Pass
2.51,58,3,6,Arts,Junior,No,Music,Fail
0.12,77,14,9,Science,Sophomore,Yes,None,Pass
2.57,84,16,3,Business,Senior,No,None,Pass
1.11,88,2,6,Engineering,Freshman,No,Music,Fail
1.8,59,9,7,Science,Junior,Yes,Arts,Pass
1.38,50,22,4,Science,Senior,No,Arts,Pass
0.69,91,17,0,Arts,Freshman,Yes,Arts,Fail
2.49,70,0,3,Engineering,Senior,No,Sports,Pass
3.53,58,34,9,Science,Sophomore,No,None,Pass
3.84,96,30,2,Engineering,Sophomore,No,Music,Fail
0.77,64,0,9,Business,Freshman,No,Sports,Pass
2.87,84,2,4,Arts,Sophomore,No,Arts,Pass
2.66,54,2,9,Business,Senior,No,Sports,Pass
1.37,90,36,9,Engineering,Freshman,Yes,Music,Pass
0.08,71,18,5,Business,Senior,Yes,Music,Fail
2.76,90,28,1,Arts,Senior,No,None,Fail
3.78,72,24,6,Engineering,Senior,No,Arts,Fail
2.53,56,32,2,Science,Sophomore,Yes,Arts,Fail
1.74,72,35,0,Business,Sophomore,Yes,Sports,Pass
2.1,93,28,9,Arts,Senior,No,Arts,Fail
0.8,74,25,2,Science,Junior,No,Sports,Fail
3.0,76,3,8,Arts,Senior,No,Music,Pass
2.99,90,13,9,Engineering,Senior,No,Music,Pass
0.58,55,26,5,Engineering,Freshman,No,Music,Pass
3.51,83,32,5,Business,Senior,No,Music,Fail
1.08,58,21,3,Arts,Sophomore,Yes,Music,Pass
3.93,98,2,7,Arts,Freshman,No,Sports,Pass
1.53,82,22,4,Arts,Junior,No,Music,Pass
0.71,55,20,6,Engineering,Freshman,Yes,Sports,Fail
1.41,86,22,8,Business,Junior,Yes,Music,Fail
1.76,80,3,4,Arts,Freshman,Yes,Sports,Fail
0.28,83,20,4,Arts,Freshman,Yes,Sports,Fail
2.31,90,36,3,Science,Junior,No,Sports,Fail
2.39,78,30,5,Arts,Sophomore,Yes,Arts,Fail
2.96,63,20,1,Business,Sophomore,Yes,Sports,Fail
0.12,85,25,2,Science,Sophomore,No,Sports,Pass
2.16,85,34,0,Science,Freshman,Yes,Music,Pass
0.21,64,37,1,Science,Senior,Yes,Sports,Pass
2.8,57,23,1,Engineering,Freshman,No,Sports,Fail
0.22,75,10,7,Science,Senior,No,None,Fail
3.65,85,28,7,Arts,Senior,No,Arts,Pass
2.81,97,2,1,Engineering,Sophomore,No,None,Pass
2.03,70,0,5,Engineering,Senior,No,Music,Fail
1.77,77,18,4,Engineering,Freshman,No,Arts,Fail
0.52,53,21,2,Engineering,Freshman,No,Arts,Fail
1.16,65,13,4,Engineering,Sophomore,Yes,None,Fail
3.48,71,13,4,Engineering,Junior,Yes,Arts,Fail
3.62,61,15,4,Engineering,Freshman,No,None,Fail
0.0,65,32,2,Science,Senior,Yes,Sports,Fail
2.38,89,12,2,Business,Freshman,No,None,Fail
2.88,87,37,3,Arts,Freshman,Yes,Arts,Pass
2.47,91,11,6,Arts,Freshman,No,Arts,Fail
0.33,86,37,1,Science,Junior,Yes,Music,Fail
0.87,78,38,9,Science,Senior,No,Music,Fail
1.0,67,32,3,Engineering,Sophomore,Yes,Music,Pass
3.33,59,32,3,Business,Freshman,No,Music,Pass
1.85,91,28,0,Engineering,Senior,Yes,Arts,Fail
1.95,88,4,9,Science,Senior,Yes,Music,Pass
3.74,67,5,7,Engineering,Sophomore,No,None,Pass
2.55,50,30,0,Arts,Freshman,Yes,Sports,Pass
3.59,88,15,7,Arts,Junior,Yes,Arts,Fail
1.83,70,30,6,Engineering,Senior,Yes,Music,Fail
0.6,50,24,8,Business,Sophomore,Yes,Arts,Fail
3.72,64,32,7,Engineering,Junior,Yes,Music,Fail
1.83,53,12,4,Engineering,Senior,No,Arts,Fail
0.73,69,9,7,Business,Freshman,No,Music,Fail
1.21,59,23,9,Business,Senior,Yes,Sports,Fail
0.2,72,9,2,Business,Junior,No,Music,Pass
1.87,90,30,9,Arts,Junior,Yes,None,Fail
3.41,83,12,6,Engineering,Freshman,No,Arts,Fail
3.73,95,2,3,Science,Freshman,Yes,Arts,Fail
3.73,97,33,4,Business,Sophomore,Yes,None,Fail
0.5,82,27,8,Business,Freshman,Yes,None,Fail
1.53,83,18,6,Engineering,Sophomore,Yes,Sports,Fail
0.11,88,22,3,Science,Junior,No,Arts,Fail
3.42,59,31,5,Engineering,Junior,No,Sports,Fail
1.44,69,12,9,Engineering,Senior,No,Arts,Pass
2.52,50,32,6,Business,Senior,Yes,Arts,Pass
2.86,62,33,9,Business,Sophomore,No,Sports,Fail
1.72,50,32,8,Arts,Freshman,No,Arts,Fail
1.23,54,4,3,Science,Freshman,Yes,Arts,Pass
3.85,65,2,9,Science,Senior,Yes,Sports,Fail
3.86,64,6,2,Business,Junior,Yes,Music,Fail
1.16,98,23,7,Business,Sophomore,No,Sports,Pass
1.92,77,21,0,Business,Junior,No,Arts,Fail
3.89,80,22,8,Science,Junior,Yes,None,Fail
0.02,72,29,0,Arts,Freshman,No,Music,Fail
1.65,97,17,1,Science,Sophomore,Yes,None,Pass
0.4,94,31,7,Business,Junior,No,Music,Pass
2.04,92,6,8,Business,Senior,Yes,None,Fail
0.1,66,32,6,Arts,Senior,No,Music,Pass
1.63,98,4,2,Engineering,Freshman,No,Sports,Pass
0.88,83,27,6,Engineering,Senior,No,Music,Pass
2.13,62,7,5,Science,Senior,Yes,Music,Fail
3.98,63,14,1,Engineering,Junior,Yes,Music,Pass
3.2,60,3,2,Engineering,Senior,Yes,Arts,Pass
3.38,77,33,9,Science,Senior,No,None,Pass
2.54,91,4,9,Business,Junior,Yes,Sports,Fail
0.17,81,32,4,Engineering,Freshman,No,None,Pass
0.83,84,4,9,Business,Freshman,Yes,None,Pass
3.7,80,37,3,Science,Sophomore,Yes,Sports,Fail
1.46,66,33,1,Business,Senior,No,Arts,Pass
0.41,96,25,3,Business,Junior,No,Music,Pass
2.81,58,0,7,Science,Sophomore,Yes,Arts,Pass
1.2,59,3,4,Business,Freshman,Yes,Arts,Fail
1.08,57,38,4,Engineering,Freshman,No,Music,Fail
3.99,70,25,9,Engineering,Junior,No,None,Pass
3.43,62,32,2,Engineering,Sophomore,Yes,Music,Pass
1.63,99,32,7,Engineering,Sophomore,No,Sports,Pass
3.92,54,7,5,Business,Junior,Yes,Music,Pass
2.6,55,19,1,Engineering,Junior,Yes,None,Pass
2.97,79,15,1,Business,Sophomore,Yes,Arts,Pass
0.13,80,20,8,Arts,Freshman,No,Arts,Fail
0.49,66,25,6,Business,Senior,Yes,Music,Pass
2.53,60,22,9,Engineering,Freshman,Yes,Sports,Pass
3.6,69,17,8,Arts,Junior,No,None,Pass
2.49,97,30,5,Science,Sophomore,No,Arts,Fail
0.54,58,11,4,Business,Sophomore,No,Music,Pass
0.46,51,0,0,Engineering,Senior,Yes,Sports,Fail
3.38,86,8,5,Engineering,Sophomore,No,Sports,Pass
0.56,50,2,5,Engineering,Senior,No,Arts,Pass
2.08,53,25,2,Science,Freshman,Yes,Arts,Pass
0.15,85,8,2,Arts,Freshman,Yes,None,Pass
0.32,74,15,2,Arts,Sophomore,Yes,Sports,Pass
2.69,52,23,2,Engineering,Sophomore,Yes,None,Pass
2.76,58,13,6,Business,Junior,No,Sports,Fail
1.37,71,2,9,Engineering,Junior,Yes,Sports,Pass
0.86,72,33,1,Engineering,Sophomore,No,Music,Pass
3.25,61,32,9,Business,Sophomore,Yes,Arts,Pass
0.87,59,23,9,Engineering,Freshman,Yes,Sports,Fail
2.17,83,8,1,Science,Sophomore,No,None,Pass
3.87,92,12,2,Engineering,Junior,No,Arts,Fail
0.59,59,1,9,Science,Freshman,No,None,Pass
3.76,79,6,6,Engineering,Senior,Yes,Arts,Pass
0.73,71,20,2,Arts,Junior,Yes,Arts,Fail
2.27,55,18,6,Business,Junior,No,Sports,Fail
1.51,99,24,8,Arts,Freshman,No,Music,Pass
3.86,51,21,9,Engineering,Senior,Yes,Sports,Fail
1.09,79,10,3,Engineering,Junior,No,Arts,Fail
1.6,51,32,6,Science,Sophomore,No,Sports,Pass
3.93,81,31,8,Engineering,Junior,Yes,Sports,Pass
2.15,91,20,7,Engineering,Freshman,No,Arts,Pass
2.01,65,38,7,Engineering,Freshman,Yes,Arts,Fail
1.03,61,19,8,Arts,Freshman,Yes,Sports,Pass
2.81,50,7,4,Science,Junior,Yes,Sports,Pass
0.06,57,36,4,Arts,Senior,No,Sports,Fail
0.2,97,8,2,Science,Sophomore,No,None,Fail
2.4,99,24,4,Arts,Freshman,No,Sports,Pass
1.37,62,24,7,Engineering,Senior,No,None,Fail
3.81,64,32,4,Arts,Sophomore,Yes,Music,Fail
3.61,93,1,3,Arts,Freshman,Yes,None,Fail
2.85,57,18,7,Science,Sophomore,No,Sports,Pass
3.27,59,19,6,Science,Sophomore,No,Music,Pass
2.67,95,28,5,Arts,Senior,No,None,Pass
0.5,54,5,4,Science,Sophomore,No,None,Fail
3.06,99,16,4,Science,Freshman,Yes,Arts,Pass
0.84,68,24,9,Science,Senior,No,Music,Pass
1.29,96,37,1,Business,Junior,Yes,Arts,Fail
3.28,87,3,3,Science,Junior,No,Music,Fail
2.15,60,29,7,Business,Senior,No,None,Pass
3.44,92,19,7,Business,Junior,No,Arts,Fail
0.85,69,2,0,Science,Sophomore,Yes,Sports,Pass
2.43,69,22,1,Arts,Freshman,No,None,Pass
0.34,70,17,4,Science,Sophomore,Yes,Music,Pass
2.57,67,25,8,Engineering,Senior,Yes,Music,Fail
3.05,99,35,9,Arts,Freshman,No,Arts,Fail
2.34,59,7,6,Business,Senior,Yes,Arts,Pass
1.06,83,16,9,Business,Senior,Yes,Music,Pass
0.13,75,30,4,Arts,Senior,Yes,None,Pass
0.48,79,36,0,Arts,Sophomore,No,Arts,Pass
2.49,58,32,5,Science,Freshman,Yes,Sports,Fail
3.74,95,26,7,Business,Freshman,Yes,Music,Pass
0.83,80,3,6,Engineering,Freshman,No,Sports,Pass
2.94,91,21,1,Science,Sophomore,No,Music,Fail
3.47,53,25,4,Arts,Junior,Yes,Sports,Pass
2.08,55,31,3,Business,Sophomore,Yes,None,Pass
2.68,63,23,8,Arts,Sophomore,Yes,Music,Pass
3.26,53,34,9,Arts,Senior,Yes,None,Pass
1.04,75,36,0,Arts,Freshman,No,Arts,Pass
1.19,96,31,5,Science,Freshman,No,Music,Fail
0.0,97,6,2,Engineering,Junior,Yes,None,Fail
3.85,88,32,8,Engineering,Junior,No,Sports,Fail
3.67,66,30,4,Business,Senior,Yes,None,Fail
3.06,68,11,5,Arts,Freshman,No,Music,Pass
0.32,98,10,8,Engineering,Junior,No,None,Fail
1.79,55,23,8,Arts,Junior,Yes,Sports,Fail
0.41,78,7,7,Business,Freshman,Yes,Sports,Fail
0.06,60,31,8,Arts,Sophomore,Yes,Sports,Fail
2.46,65,37,3,Engineering,Junior,Yes,Arts,Fail
3.84,79,21,5,Arts,Freshman,No,Music,Fail
3.61,74,33,4,Engineering,Junior,No,Sports,Fail
2.79,89,18,4,Business,Senior,Yes,Arts,Fail
0.39,60,19,3,Arts,Junior,No,Sports,Pass
1.1,56,13,1,Engineering,Freshman,No,None,Fail
1.28,75,32,5,Business,Junior,Yes,Music,Pass
3.05,71,9,8,Arts,Senior,Yes,None,Fail
3.21,74,15,0,Business,Senior,No,Arts,Fail
1.54,68,3,6,Engineering,Junior,Yes,None,Fail
1.67,80,26,5,Arts,Junior,Yes,None,Pass
0.18,75,27,2,Arts,Senior,No,Sports,Pass
1.16,91,15,0,Arts,Senior,No,None,Fail
1.81,90,32,3,Business,Sophomore,Yes,Sports,Pass
0.47,85,18,8,Business,Sophomore,No,Sports,Fail
1.81,72,20,1,Engineering,Senior,Yes,Music,Pass
3.41,96,21,2,Science,Junior,Yes,Arts,Pass
2.33,62,8,1,Arts,Freshman,No,Arts,Pass
0.32,74,8,1,Arts,Junior,No,Arts,Fail
0.77,51,8,9,Engineering,Junior,Yes,Sports,Pass
1.9,51,26,7,Arts,Sophomore,Yes,Arts,Pass
1.45,65,16,2,Business,Sophomore,Yes,Sports,Fail
1.43,58,7,6,Business,Sophomore,No,Music,Pass
2.12,77,15,7,Arts,Senior,Yes,Arts,Fail
2.34,62,17,2,Arts,Senior,No,Sports,Fail
3.19,84,32,1,Business,Junior,Yes,Arts,Pass
1.36,90,0,7,Arts,Junior,No,Arts,Fail
3.22,62,11,2,Business,Freshman,Yes,Music,Pass
1.35,80,5,6,Science,Junior,No,None,Pass
0.22,70,4,0,Science,Junior,Yes,Arts,Fail
2.22,81,15,5,Arts,Sophomore,Yes,Music,Pass
2.35,83,17,8,Arts,Sophomore,Yes,Arts,Pass
3.74,57,17,2,Arts,Sophomore,Yes,Arts,Fail
2.9,90,0,6,Business,Sophomore,No,Arts,Fail
3.67,97,18,5,Science,Sophomore,No,Arts,Pass
3.63,51,7,7,Science,Freshman,No,None,Fail
2.42,87,2,2,Engineering,Freshman,No,None,Fail
2.11,81,24,2,Engineering,Freshman,No,Arts,Fail
2.23,89,4,3,Arts,Sophomore,Yes,Arts,Fail
3.91,77,39,2,Business,Senior,No,Music,Pass
3.09,86,18,8,Arts,Sophomore,No,Music,Pass
0.43,90,17,3,Science,Sophomore,No,Sports,Fail
3.11,50,30,5,Arts,Freshman,No,None,Pass
0.68,90,32,7,Arts,Sophomore,Yes,Arts,Fail
1.79,59,17,7,Science,Freshman,Yes,None,Fail
0.84,53,38,4,Science,Sophomore,Yes,Music,Pass
2.76,84,15,4,Science,Junior,Yes,None,Pass
3.51,59,15,5,Science,Senior,No,None,Pass
1.16,96,37,9,Engineering,Senior,No,Arts,Pass
0.33,60,6,6,Business,Freshman,Yes,Arts,Fail
1.19,63,13,9,Business,Junior,Yes,Music,Fail
2.69,87,24,6,Science,Senior,No,Arts,Pass
1.32,61,31,3,Business,Freshman,No,Music,Fail
1.11,94,37,5,Business,Sophomore,Yes,Music,Pass
0.74,66,21,6,Business,Sophomore,Yes,Sports,Pass
1.99,65,15,4,Business,Junior,Yes,Sports,Pass
1.1,84,28,4,Science,Senior,Yes,Sports,Fail
2.92,51,15,1,Arts,Sophomore,No,None,Fail
0.31,60,11,6,Arts,Freshman,No,Sports,Pass
2.66,90,16,5,Arts,Sophomore,No,Arts,Pass
0.95,52,36,0,Engineering,Sophomore,Yes,Arts,Pass
1.96,78,26,3,Business,Senior,No,Sports,Pass
1.14,67,24,2,Science,Senior,No,None,Fail
2.89,69,12,2,Science,Freshman,Yes,Music,Fail
3.78,96,7,6,Engineering,Junior,Yes,None,Pass
3.67,63,4,9,Science,Junior,Yes,None,Pass
2.33,83,11,3,Arts,Sophomore,Yes,Music,Fail
1.85,98,2,7,Engineering,Freshman,Yes,Music,Pass
3.27,80,34,8,Science,Junior,Yes,Music,Fail
2.73,89,32,2,Engineering,Junior,No,Arts,Fail
0.73,91,21,4,Engineering,Sophomore,No,Music,Pass
3.28,67,8,3,Science,Freshman,No,Music,Fail
1.72,79,17,9,Arts,Junior,No,None,Fail
0.76,74,28,5,Science,Senior,No,None,Fail
1.13,68,38,9,Business,Senior,No,Sports,Fail
1.07,57,26,3,Business,Sophomore,Yes,None,Pass
2.08,77,35,7,Science,Sophomore,Yes,Music,Fail
0.94,57,16,2,Arts,Sophomore,Yes,Arts,Fail
0.49,80,33,4,Business,Sophomore,No,None,Fail
0.49,52,2,0,Business,Junior,No,None,Pass
2.33,52,4,5,Science,Freshman,Yes,Music,Pass
2.94,93,13,4,Science,Sophomore,Yes,None,Pass
1.29,71,2,7,Science,Sophomore,Yes,None,Fail
0.14,66,22,8,Engineering,Junior,Yes,Music,Pass
0.51,85,38,7,Engineering,Sophomore,Yes,None,Pass
3.66,66,29,7,Engineering,Sophomore,No,Arts,Pass
1.97,63,22,2,Science,Freshman,No,Sports,Fail
1.81,58,26,3,Arts,Senior,No,None,Pass
0.15,79,9,3,Business,Sophomore,Yes,Arts,Pass
2.91,70,24,4,Engineering,Junior,No,None,Pass
2.11,61,12,8,Arts,Freshman,Yes,Sports,Fail
0.81,86,15,8,Science,Junior,No,Music,Fail
0.44,81,33,9,Engineering,Freshman,Yes,Sports,Pass
1.53,60,36,0,Science,Freshman,Yes,None,Pass
3.35,69,21,7,Arts,Sophomore,No,Sports,Pass
3.46,84,16,0,Engineering,Sophomore,No,Sports,Fail
2.41,96,22,1,Engineering,Sophomore,No,Music,Fail
2.91,95,35,6,Engineering,Senior,No,None,Pass
0.46,60,8,7,Engineering,Senior,No,Sports,Fail
2.35,57,1,0,Arts,Junior,Yes,Sports,Pass
2.67,53,31,2,Engineering,Sophomore,No,Music,Fail
0.8,76,21,6,Business,Senior,No,Arts,Pass
3.52,93,12,8,Business,Sophomore,Yes,None,Fail
0.78,89,7,7,Science,Senior,No,Arts,Pass
1.25,87,0,7,Engineering,Senior,Yes,Arts,Fail
2.48,96,16,8,Business,Freshman,No,Music,Pass
2.55,79,11,9,Business,Sophomore,No,Music,Pass
2.8,93,3,2,Business,Sophomore,Yes,None,Pass
0.45,97,12,7,Arts,Senior,No,Arts,Pass
3.4,97,30,0,Engineering,Sophomore,No,Sports,Fail
2.13,76,6,7,Arts,Senior,No,Arts,Pass
1.89,70,22,6,Arts,Sophomore,No,Music,Fail
3.92,69,23,7,Business,Freshman,Yes,Sports,Fail
2.96,53,4,0,Business,Sophomore,Yes,Sports,Pass
0.47,60,4,5,Science,Freshman,No,Music,Pass
3.03,62,16,6,Engineering,Junior,No,Sports,Pass
0.38,58,29,4,Engineering,Sophomore,Yes,Arts,Pass
0.11,53,8,4,Business,Sophomore,Yes,Music,Fail
1.61,61,5,6,Business,Sophomore,No,None,Fail
3.97,58,24,2,Engineering,Freshman,Yes,Music,Fail
0.7,62,18,5,Science,Sophomore,Yes,None,Fail
2.69,97,15,6,Business,Sophomore,Yes,None,Pass
0.69,75,20,0,Science,Senior,Yes,Music,Fail
2.9,87,1,1,Arts,Junior,No,Music,Pass
2.02,91,9,3,Business,Freshman,Yes,None,Pass
2.72,62,15,7,Arts,Senior,No,None,Fail
0.81,88,36,9,Business,Freshman,No,Sports,Fail
2.98,77,14,5,Arts,Senior,Yes,Music,Fail
3.98,68,12,0,Business,Junior,No,Music,Fail
2.66,73,12,9,Science,Senior,No,Sports,Fail
1.97,68,31,4,Science,Freshman,Yes,Music,Fail
3.69,98,7,6,Science,Sophomore,Yes,Sports,Pass
0.06,62,17,5,Arts,Sophomore,Yes,Sports,Pass
2.92,62,35,8,Science,Junior,No,Music,Pass
3.55,77,25,7,Arts,Freshman,No,Arts,Fail
0.25,51,9,3,Business,Freshman,No,None,Pass
1.8,59,30,4,Arts,Freshman,No,Music,Pass
0.82,71,32,6,Business,Junior,Yes,Arts,Pass
2.27,62,28,7,Engineering,Sophomore,No,Sports,Pass
2.6,58,4,4,Engineering,Senior,Yes,Arts,Pass
1.21,82,12,8,Engineering,Junior,Yes,Music,Pass
1.84,63,0,9,Arts,Senior,Yes,Music,Fail
1.12,97,22,3,Engineering,Sophomore,Yes,Arts,Fail
1.48,69,39,3,Engineering,Junior,No,Music,Fail
0.64,64,2,7,Engineering,Sophomore,Yes,None,Pass
3.54,81,2,0,Business,Senior,No,Arts,Fail
0.04,82,6,7,Science,Freshman,Yes,Sports,Fail
3.53,66,35,4,Arts,Freshman,Yes,Arts,Pass
2.29,73,34,0,Engineering,Senior,Yes,Arts,Fail
1.33,79,14,3,Business,Freshman,No,Arts,Pass
2.89,62,39,1,Science,Senior,Yes,Arts,Fail
2.03,96,2,3,Science,Junior,Yes,Sports,Pass
2.0,97,28,7,Science,Junior,Yes,Sports,Pass
0.44,65,29,4,Business,Junior,Yes,Sports,Fail
1.56,51,38,0,Engineering,Freshman,No,Arts,Pass
0.96,66,17,6,Science,Sophomore,No,None,Fail
0.06,81,10,0,Business,Freshman,Yes,None,Pass
1.44,92,37,8,Business,Freshman,Yes,Sports,Fail
0.36,57,39,2,Arts,Sophomore,No,None,Fail
1.03,52,0,2,Business,Sophomore,No,None,Pass
0.37,61,28,5,Science,Sophomore,No,None,Fail
0.4,69,9,9,Science,Sophomore,Yes,None,Fail
0.8,65,27,5,Business,Freshman,No,None,Fail
4.0,63,30,5,Science,Senior,Yes,Music,Pass
0.01,65,18,0,Business,Junior,No,Sports,Pass
2.55,98,2,4,Science,Senior,No,Arts,Fail
0.56,92,35,5,Arts,Freshman,Yes,None,Fail
3.68,98,14,7,Engineering,Sophomore,No,Music,Pass
0.37,82,32,0,Arts,Junior,Yes,Arts,Pass
3.82,79,25,4,Arts,Junior,No,Music,Fail
2.44,61,15,2,Engineering,Senior,Yes,None,Pass
0.01,64,35,1,Science,Freshman,No,None,Pass
3.58,67,32,7,Engineering,Freshman,No,None,Fail
2.09,77,19,6,Business,Freshman,Yes,None,Pass
1.05,72,12,9,Engineering,Junior,Yes,Arts,Pass
3.07,63,32,6,Arts,Senior,Yes,Arts,Pass
3.71,79,4,4,Engineering,Junior,Yes,Music,Fail
1.93,82,36,8,Science,Junior,No,Sports,Pass
1.26,94,13,4,Arts,Sophomore,No,None,Fail
3.16,64,26,1,Business,Senior,No,Music,Pass
2.73,56,22,2,Science,Sophomore,No,Music,Pass
3.56,64,13,3,Arts,Freshman,No,Music,Fail
2.77,91,39,4,Business,Junior,No,None,Fail
0.97,95,3,2,Science,Senior,Yes,None,Fail
3.73,87,38,6,Business,Freshman,No,Music,Fail
0.42,95,18,4,Engineering,Senior,No,None,Pass
1.07,93,3,4,Engineering,Junior,Yes,Music,Fail
2.08,60,29,5,Business,Senior,No,Arts,Fail
2.26,78,18,6,Engineering,Freshman,No,None,Fail
0.06,80,30,9,Business,Sophomore,No,Arts,Pass
3.12,74,30,9,Science,Junior,Yes,Sports,Pass
1.45,73,8,7,Arts,Sophomore,Yes,None,Fail
1.63,68,12,8,Business,Junior,No,Sports,Fail
3.24,51,13,3,Arts,Freshman,Yes,Music,Fail
1.52,71,9,4,Arts,Junior,No,None,Fail
0.19,69,30,4,Business,Sophomore,No,None,Pass
0.71,82,36,7,Engineering,Junior,No,None,Fail
3.82,57,22,8,Science,Freshman,Yes,Sports,Pass
0.28,74,26,6,Arts,Junior,No,Sports,Fail
1.42,95,5,4,Science,Sophomore,No,Music,Fail
2.01,58,25,2,Arts,Freshman,No,Arts,Pass
1.97,83,1,0,Business,Sophomore,No,Arts,Fail
0.02,72,12,8,Engineering,Junior,No,Sports,Fail
2.0,54,18,4,Science,Senior,Yes,None,Fail
1.54,74,0,8,Arts,Sophomore,No,Arts,Fail
3.89,57,39,9,Business,Junior,Yes,Arts,Pass
0.64,65,31,3,Business,Senior,No,Sports,Fail
1.42,97,21,4,Arts,Senior,Yes,Music,Fail
1.68,94,28,3,Arts,Freshman,No,Sports,Pass
1.56,64,1,1,Arts,Senior,No,Sports,Fail
2.66,50,39,0,Engineering,Sophomore,Yes,None,Pass
0.86,71,37,7,Arts,Sophomore,Yes,Sports,Fail
0.88,52,10,3,Arts,Senior,No,None,Fail
2.92,87,16,4,Engineering,Junior,Yes,Music,Fail
2.0,63,7,5,Business,Sophomore,Yes,None,Pass
1.66,85,21,7,Arts,Sophomore,No,Music,Pass
0.68,67,3,7,Science,Freshman,No,Music,Fail
0.75,96,10,6,Business,Junior,No,Music,Pass
0.04,90,7,3,Science,Senior,No,Sports,Fail
0.37,67,8,5,Arts,Junior,No,None,Pass
2.23,52,25,3,Engineering,Freshman,Yes,Arts,Fail
3.57,59,1,6,Engineering,Freshman,No,Sports,Pass
1.15,98,15,0,Engineering,Junior,Yes,Music,Fail
1.31,88,30,4,Arts,Freshman,No,Arts,Pass
0.46,96,5,9,Arts,Freshman,No,Sports,Pass
1.55,50,20,9,Science,Freshman,Yes,Arts,Pass
0.15,76,25,3,Engineering,Junior,No,Music,Pass
3.67,76,18,6,Arts,Freshman,Yes,Arts,Fail
2.69,60,27,8,Business,Senior,Yes,Arts,Fail
3.96,98,7,4,Arts,Senior,Yes,Music,Pass
3.53,54,13,3,Arts,Sophomore,No,Arts,Fail
1.89,56,23,8,Business,Senior,No,Sports,Pass
2.08,68,36,4,Engineering,Sophomore,No,Arts,Fail
0.76,78,25,8,Business,Junior,No,None,Pass
1.85,64,30,7,Engineering,Freshman,No,Sports,Fail
3.61,84,31,3,Business,Senior,No,Arts,Fail
0.2,96,1,6,Science,Sophomore,Yes,None,Pass
3.45,86,24,4,Engineering,Junior,No,None,Pass
1.36,61,1,9,Arts,Sophomore,No,None,Pass
3.6,79,0,3,Science,Freshman,No,Arts,Pass
3.76,69,35,4,Engineering,Senior,No,Music,Pass
2.68,86,11,4,Engineering,Junior,Yes,None,Fail
2.66,52,8,8,Engineering,Sophomore,Yes,Music,Pass
1.81,58,35,8,Business,Junior,Yes,Sports,Fail
3.34,90,27,5,Engineering,Sophomore,Yes,Music,Pass
3.85,88,37,3,Arts,Sophomore,Yes,Music,Fail
3.1,75,32,1,Engineering,Freshman,No,Music,Fail
2.49,51,21,2,Arts,Freshman,Yes,Music,Pass
2.43,72,24,1,Arts,Sophomore,Yes,Music,Pass
3.4,72,17,4,Arts,Senior,No,Sports,Fail
2.16,70,5,5,Science,Junior,No,Sports,Fail
3.22,65,17,4,Arts,Junior,Yes,Music,Pass
2.04,58,15,1,Business,Freshman,No,Music,Fail
0.25,62,14,4,Engineering,Senior,No,None,Fail
1.54,77,7,8,Business,Sophomore,Yes,Sports,Fail
1.78,76,12,3,Science,Freshman,No,Arts,Fail
0.57,66,6,9,Engineering,Sophomore,Yes,Sports,Fail
0.41,87,16,1,Arts,Sophomore,Yes,Arts,Fail
2.14,85,31,2,Engineering,Freshman,No,None,Pass
0.34,50,21,2,Science,Senior,Yes,Music,Pass
1.21,67,12,8,Science,Junior,Yes,None,Pass
2.98,58,22,3,Business,Freshman,No,Music,Pass
3.86,62,28,0,Engineering,Senior,No,Sports,Fail
2.87,89,21,0,Engineering,Sophomore,No,Music,Pass
3.97,94,0,6,Engineering,Freshman,No,Arts,Fail
2.79,64,28,6,Business,Junior,Yes,Arts,Fail
1.18,92,4,1,Science,Junior,No,None,Pass
2.69,93,34,8,Arts,Sophomore,No,Sports,Pass
2.81,95,9,8,Engineering,Freshman,Yes,Arts,Fail
1.49,53,18,4,Business,Junior,Yes,None,Pass
0.07,82,36,2,Business,Freshman,Yes,Sports,Pass
2.81,73,6,2,Arts,Junior,Yes,Sports,Fail
0.09,85,34,2,Science,Sophomore,No,None,Fail
2.52,90,12,5,Engineering,Sophomore,No,Arts,Fail
0.65,59,9,3,Engineering,Freshman,Yes,Arts,Fail
2.26,85,1,7,Business,Senior,Yes,None,Fail
2.02,69,5,4,Science,Senior,Yes,Arts,Fail
0.05,90,7,0,Engineering,Sophomore,Yes,None,Pass
1.45,94,35,8,Arts,Junior,No,Arts,Pass
2.4,93,24,0,Science,Senior,Yes,Arts,Pass
3.39,60,39,5,Science,Sophomore,No,None,Fail
3.55,61,6,0,Business,Junior,Yes,None,Fail
1.94,67,22,2,Business,Junior,No,Arts,Pass
2.91,79,18,9,Engineering,Senior,No,None,Pass
1.27,93,21,4,Business,Sophomore,No,Arts,Pass
1.37,97,12,9,Science,Junior,No,Music,Fail
0.78,86,20,6,Engineering,Junior,Yes,Sports,Pass
2.25,69,0,9,Engineering,Freshman,No,Sports,Pass
1.26,74,18,7,Science,Freshman,Yes,Arts,Pass
0.34,61,32,8,Engineering,Senior,No,Sports,Fail
2.74,70,3,5,Arts,Freshman,No,Arts,Pass
2.83,74,2,8,Arts,Sophomore,Yes,None,Pass
1.44,60,26,7,Engineering,Senior,Yes,Music,Fail
0.31,58,34,8,Business,Senior,No,Sports,Fail
1.71,99,27,9,Arts,Freshman,No,Sports,Fail
1.77,74,5,3,Engineering,Junior,Yes,None,Fail
2.67,84,5,8,Arts,Sophomore,No,Music,Fail
1.26,81,22,6,Business,Sophomore,Yes,Music,Pass
2.73,98,32,4,Science,Sophomore,Yes,Music,Pass
3.49,63,15,4,Engineering,Senior,Yes,None,Fail
0.95,50,23,0,Engineering,Sophomore,No,Sports,Fail
3.92,66,4,1,Engineering,Junior,No,Sports,Fail
1.55,74,12,9,Engineering,Junior,Yes,Music,Fail
1.07,57,11,2,Engineering,Freshman,Yes,None,Pass
1.69,54,4,7,Engineering,Sophomore,Yes,None,Pass
0.38,54,36,5,Business,Senior,Yes,None,Fail
0.5,90,30,9,Science,Freshman,No,Music,Fail
1.66,84,27,4,Business,Junior,Yes,None,Fail
3.05,68,27,0,Business,Sophomore,No,Music,Fail
3.6,72,29,8,Science,Junior,Yes,Music,Pass
2.66,58,17,2,Business,Freshman,No,Music,Fail
0.42,79,26,2,Arts,Junior,No,Arts,Fail
2.69,99,34,1,Business,Sophomore,No,Music,Pass
2.54,65,25,3,Engineering,Sophomore,No,None,Fail
3.22,82,38,1,Arts,Freshman,No,Arts,Pass
3.3,51,17,8,Arts,Sophomore,Yes,Sports,Fail
3.47,63,32,9,Science,Junior,Yes,Sports,Fail
1.66,95,24,6,Business,Junior,No,None,Pass
2.79,50,30,7,Business,Senior,Yes,None,Fail
1.07,75,36,2,Arts,Senior,Yes,None,Pass
4.0,74,1,5,Business,Senior,Yes,None,Pass
0.7,65,32,9,Business,Junior,Yes,Arts,Pass
0.04,64,38,5,Science,Junior,Yes,None,Fail
0.6,75,31,0,Arts,Freshman,Yes,Music,Fail
3.1,96,17,5,Engineering,Senior,Yes,Sports,Pass
1.79,93,16,2,Arts,Junior,No,None,Fail
1.79,65,33,2,Science,Freshman,Yes,Music,Fail
3.82,63,38,2,Science,Junior,Yes,None,Fail
3.68,78,6,9,Science,Freshman,Yes,Music,Pass
1.24,73,34,9,Business,Senior,No,Arts,Pass
0.84,96,29,7,Arts,Senior,No,Sports,Fail
3.39,64,11,4,Business,Senior,Yes,Sports,Pass
3.62,68,34,3,Business,Junior,No,Arts,Fail
2.17,57,10,8,Arts,Junior,No,Music,Fail
2.52,83,3,8,Science,Freshman,Yes,None,Fail
1.03,51,24,0,Engineering,Sophomore,No,Music,Pass
3.2,76,31,1,Engineering,Sophomore,Yes,Sports,Pass
2.53,59,19,7,Arts,Senior,No,Arts,Fail
2.01,84,30,4,Arts,Sophomore,Yes,Arts,Pass
0.24,72,3,6,Science,Senior,No,Music,Fail
3.66,98,37,0,Arts,Freshman,Yes,Music,Pass
2.46,57,0,9,Arts,Sophomore,Yes,Arts,Pass
0.77,77,2,4,Science,Sophomore,No,Sports,Pass
2.43,72,36,2,Science,Senior,Yes,None,Fail
2.71,53,21,9,Business,Freshman,Yes,None,Fail
2.1,63,16,1,Arts,Sophomore,No,Music,Fail
2.87,91,13,1,Engineering,Sophomore,Yes,Arts,Pass
2.33,78,34,8,Arts,Sophomore,Yes,Arts,Fail
3.79,50,12,3,Engineering,Freshman,No,Arts,Fail
0.21,53,34,3,Engineering,Freshman,Yes,Sports,Fail
0.42,81,1,6,Engineering,Sophomore,No,Music,Fail
0.69,82,12,9,Business,Senior,Yes,Music,Pass
2.76,98,15,9,Science,Senior,No,Music,Pass
2.58,75,17,1,Science,Sophomore,No,Sports,Fail
3.57,66,6,2,Business,Freshman,Yes,Music,Pass
2.93,88,35,2,Science,Sophomore,No,None,Pass
2.03,72,29,5,Business,Freshman,Yes,Music,Pass
3.97,81,6,2,Arts,Sophomore,Yes,Music,Pass
1.06,64,14,4,Business,Freshman,No,Music,Pass
3.33,62,39,3,Science,Junior,Yes,Sports,Fail
1.71,51,18,2,Science,Senior,Yes,None,Pass
2.59,68,36,7,Arts,Junior,No,None,Fail
2.91,73,1,9,Business,Senior,Yes,Arts,Fail
2.54,94,12,2,Arts,Freshman,Yes,Arts,Fail
0.56,73,39,5,Engineering,Junior,No,None,Pass
1.77,60,30,6,Business,Senior,Yes,Music,Pass
2.25,71,15,6,Arts,Sophomore,Yes,Music,Pass
3.4,64,5,1,Arts,Freshman,No,Music,Pass
1.77,59,27,2,Science,Freshman,Yes,Sports,Fail
3.67,90,31,9,Business,Sophomore,Yes,Music,Fail
1.76,76,9,9,Engineering,Sophomore,No,Sports,Fail
2.2,58,17,3,Engineering,Senior,Yes,None,Pass
3.19,77,3,6,Business,Freshman,Yes,Music,Fail
2.33,50,8,1,Business,Senior,No,Music,Fail
3.84,66,6,2,Arts,Sophomore,No,Arts,Fail
2.64,80,7,6,Science,Freshman,Yes,None,Pass
2.09,93,6,6,Science,Sophomore,Yes,Music,Fail
0.09,59,39,9,Science,Senior,No,Sports,Fail
1.65,86,2,2,Business,Senior,Yes,None,Pass
1.2,78,16,0,Science,Senior,Yes,Arts,Fail
2.99,67,1,2,Arts,Freshman,Yes,None,Pass
0.83,96,14,4,Business,Sophomore,No,Sports,Fail
0.82,87,28,6,Business,Sophomore,Yes,Arts,Pass
0.76,88,21,3,Science,Senior,Yes,Sports,Pass
0.5,98,3,0,Engineering,Senior,No,None,Pass
1.24,55,5,5,Engineering,Senior,No,Arts,Fail
3.54,89,37,1,Arts,Senior,No,Sports,Fail
3.1,61,25,2,Science,Junior,Yes,None,Pass
2.94,63,10,3,Science,Junior,Yes,Sports,Pass
3.19,93,25,5,Business,Junior,No,Music,Pass
1.08,59,16,5,Business,Senior,Yes,None,Pass
3.55,69,23,6,Science,Senior,Yes,Arts,Pass
0.55,64,27,4,Business,Sophomore,Yes,Arts,Pass
1.35,80,34,6,Science,Freshman,Yes,Music,Pass
2.35,56,30,1,Arts,Sophomore,No,Sports,Pass
0.41,90,12,0,Business,Junior,No,Sports,Pass
2.92,59,34,9,Science,Sophomore,Yes,Arts,Pass
1.55,59,15,7,Business,Senior,No,Sports,Pass
3.14,97,14,0,Arts,Junior,Yes,None,Pass
1.97,88,17,1,Business,Junior,Yes,None,Fail
0.72,77,36,9,Science,Freshman,No,Arts,Pass
2.94,79,26,5,Business,Freshman,No,None,Fail
1.01,86,34,0,Business,Junior,Yes,Arts,Fail
1.96,52,34,9,Science,Junior,Yes,Sports,Fail
0.3,99,27,2,Engineering,Sophomore,Yes,Sports,Pass
2.47,92,38,6,Business,Junior,Yes,Sports,Fail
2.66,64,37,7,Business,Senior,No,Music,Pass
1.51,70,8,3,Arts,Sophomore,No,Arts,Fail
3.82,86,11,2,Engineering,Senior,Yes,None,Pass
3.5,61,14,0,Arts,Senior,Yes,Sports,Pass
2.83,53,20,8,Science,Senior,No,Music,Fail
2.85,96,34,9,Science,Junior,Yes,None,Fail
1.01,58,32,5,Arts,Freshman,No,None,Pass
2.63,88,18,5,Business,Freshman,Yes,None,Fail
0.79,91,22,8,Engineering,Senior,No,Sports,Pass
0.58,77,12,0,Arts,Junior,Yes,None,Pass
4.0,72,0,5,Arts,Sophomore,Yes,Arts,Pass
2.49,94,28,4,Science,Senior,Yes,Music,Fail
1.72,89,23,5,Business,Sophomore,No,None,Pass
1.15,93,15,7,Engineering,Sophomore,No,None,Pass
2.42,71,24,4,Arts,Junior,Yes,Arts,Pass
0.2,73,22,1,Engineering,Junior,Yes,None,Pass
0.38,75,27,1,Engineering,Freshman,Yes,Sports,Fail
0.13,79,15,9,Arts,Freshman,Yes,Sports,Fail
2.0,82,37,4,Engineering,Junior,No,Sports,Fail
2.4,65,10,2,Science,Senior,No,None,Fail
0.25,71,2,9,Business,Freshman,No,Music,Pass
2.88,98,14,2,Business,Sophomore,Yes,Music,Pass
0.92,99,0,7,Business,Senior,Yes,None,Pass
2.74,92,6,6,Science,Sophomore,No,Music,Pass
3.93,67,0,0,Science,Junior,Yes,Music,Pass
2.76,56,31,4,Science,Sophomore,No,None,Pass
3.53,99,8,8,Business,Senior,No,Sports,Fail
3.79,75,28,3,Engineering,Junior,No,None,Pass
1.95,57,25,0,Science,Senior,No,Sports,Pass
2.81,55,22,7,Arts,Sophomore,Yes,Sports,Pass
3.41,79,28,4,Science,Senior,No,Music,Fail
1.43,88,37,1,Arts,Junior,Yes,Music,Pass
1.05,72,32,0,Business,Sophomore,No,Sports,Pass
3.79,81,6,2,Arts,Sophomore,No,Sports,Pass
2.91,71,11,8,Science,Freshman,No,Music,Fail
0.88,91,30,0,Science,Freshman,No,Arts,Pass
1.8,92,31,3,Engineering,Senior,Yes,Sports,Pass
3.19,94,19,7,Business,Freshman,Yes,Sports,Fail
2.19,58,16,7,Arts,Freshman,Yes,Sports,Pass
2.6,80,35,9,Business,Freshman,Yes,Music,Fail
3.02,56,2,7,Science,Freshman,No,None,Pass
2.49,58,0,9,Engineering,Junior,Yes,Sports,Fail
2.16,62,26,7,Science,Junior,Yes,Sports,Pass
3.0,52,39,3,Science,Freshman,No,Sports,Pass
2.91,84,32,7,Science,Senior,Yes,None,Fail
2.52,82,19,8,Arts,Junior,Yes,None,Pass
1.44,70,13,6,Science,Freshman,Yes,Sports,Pass
1.62,80,35,1,Business,Junior,Yes,Sports,Fail
3.88,83,4,8,Business,Sophomore,No,Arts,Pass
0.45,81,22,7,Engineering,Junior,No,None,Fail
1.07,84,14,4,Business,Junior,Yes,Arts,Pass
1.97,64,5,2,Science,Senior,No,Sports,Fail
3.35,81,32,6,Science,Junior,Yes,Sports,Pass
0.65,55,18,1,Business,Senior,Yes,Sports,Pass
1.11,94,12,2,Engineering,Sophomore,Yes,Sports,Fail
0.26,70,28,8,Engineering,Freshman,No,Music,Pass
2.82,82,5,3,Business,Senior,No,Music,Fail
0.95,81,14,3,Arts,Junior,No,Music,Fail
1.55,68,15,2,Arts,Junior,No,Arts,Fail
1.77,82,23,4,Arts,Senior,No,None,Pass
3.57,77,22,2,Arts,Sophomore,No,Sports,Pass
1.65,80,9,8,Business,Freshman,Yes,None,Pass
0.58,70,16,2,Engineering,Junior,No,Music,Fail
2.1,83,29,1,Science,Sophomore,Yes,Sports,Fail
3.85,64,9,4,Science,Freshman,Yes,Sports,Fail
2.43,63,18,5,Business,Freshman,No,Arts,Pass
3.93,68,28,0,Science,Junior,Yes,None,Fail
3.36,92,1,5,Arts,Senior,Yes,Arts,Pass
0.14,64,35,9,Engineering,Junior,Yes,Music,Pass
2.63,55,18,2,Business,Junior,No,None,Pass
1.15,58,6,3,Engineering,Junior,No,Music,Pass
2.24,86,25,5,Business,Sophomore,Yes,Arts,Pass
1.12,69,14,7,Business,Senior,No,Arts,Pass
1.4,83,37,8,Business,Sophomore,Yes,Sports,Pass
3.69,87,2,5,Business,Junior,No,None,Pass
0.83,75,37,6,Engineering,Senior,Yes,None,Fail
3.5,67,15,4,Science,Freshman,Yes,Sports,Pass
0.12,77,1,8,Business,Senior,No,None,Pass
0.36,58,30,3,Arts,Junior,No,Music,Fail
3.42,81,27,9,Business,Senior,No,Music,Fail
2.52,55,6,5,Engineering,Freshman,No,Arts,Fail
2.99,63,29,4,Business,Freshman,No,Music,Fail
0.84,77,6,0,Arts,Senior,Yes,None,Pass
2.15,73,35,4,Engineering,Freshman,Yes,Sports,Fail
2.95,62,28,4,Business,Sophomore,Yes,Arts,Fail
2.51,92,23,8,Arts,Senior,No,Sports,Fail
1.89,61,38,0,Engineering,Freshman,No,Arts,Fail
3.84,68,3,4,Business,Freshman,Yes,Arts,Pass
2.7,70,28,6,Arts,Senior,Yes,Sports,Fail
3.63,76,4,5,Engineering,Sophomore,Yes,Music,Fail
2.92,68,28,5,Business,Senior,Yes,Music,Fail
2.94,73,29,6,Engineering,Freshman,No,Music,Fail
0.32,75,28,5,Arts,Senior,Yes,Music,Pass
1.44,94,25,4,Business,Freshman,No,Sports,Fail
3.43,77,18,9,Business,Junior,Yes,None,Fail
0.93,95,25,4,Business,Senior,No,Arts,Fail
0.46,67,36,8,Arts,Senior,No,Sports,Pass
1.3,93,26,7,Science,Freshman,No,Music,Fail
0.88,85,29,9,Business,Freshman,No,Music,Fail
3.7,91,29,3,Arts,Freshman,Yes,Sports,Pass
3.47,78,2,3,Engineering,Freshman,Yes,Arts,Fail
2.0,66,6,9,Engineering,Senior,Yes,Sports,Pass
0.25,53,8,4,Arts,Freshman,No,Sports,Pass
2.86,93,12,2,Science,Senior,Yes,None,Fail
2.49,94,14,7,Arts,Sophomore,Yes,Sports,Fail
3.88,78,4,6,Engineering,Senior,Yes,None,Pass
2.24,53,28,4,Engineering,Freshman,No,Arts,Pass
1.35,59,34,9,Business,Freshman,No,Sports,Fail
2.08,74,26,2,Science,Sophomore,No,Sports,Pass
3.92,80,26,4,Arts,Senior,Yes,Music,Pass
2.79,52,7,2,Engineering,Sophomore,Yes,Sports,Fail
2.69,96,31,9,Engineering,Senior,Yes,Music,Pass
0.96,51,19,4,Engineering,Freshman,No,Music,Pass
2.97,74,9,0,Arts,Senior,Yes,Music,Pass
3.0,98,12,5,Arts,Freshman,No,Arts,Pass
1.27,55,28,9,Science,Freshman,No,None,Pass
1.93,75,34,3,Business,Junior,No,Music,Pass
1.18,57,7,3,Business,Junior,No,Sports,Fail
1.03,84,28,7,Business,Senior,Yes,Sports,Pass
0.1,76,30,1,Engineering,Freshman,Yes,Music,Fail
1.14,74,29,3,Business,Sophomore,No,Music,Fail
2.22,67,21,1,Engineering,Freshman,Yes,Sports,Fail
0.01,50,20,0,Science,Sophomore,No,Music,Fail
1.13,97,11,9,Engineering,Senior,Yes,None,Fail
3.53,88,10,2,Science,Senior,Yes,None,Fail
2.37,52,1,7,Science,Sophomore,No,Arts,Fail
2.43,53,1,5,Business,Sophomore,No,Music,Fail
1.61,90,33,6,Business,Freshman,No,Arts,Pass
2.71,86,2,1,Engineering,Senior,No,Arts,Fail
0.76,64,15,5,Arts,Freshman,Yes,Arts,Fail
3.27,57,3,7,Business,Sophomore,No,Music,Fail
0.47,87,22,7,Business,Junior,Yes,Arts,Pass
2.62,99,19,3,Arts,Junior,No,None,Fail
1.36,68,24,5,Arts,Junior,Yes,Arts,Pass
2.99,96,29,4,Business,Sophomore,No,None,Fail
2.2,75,17,8,Arts,Freshman,Yes,None,Fail
1.81,88,10,7,Engineering,Senior,Yes,Music,Pass
0.68,59,28,1,Science,Sophomore,Yes,Arts,Fail
